{"nivel_gas": 99.63, "hora": "14", "minuto": "45", "segundo": "00"}
{"nivel_gas": 98.95, "hora": "14", "minuto": "45", "segundo": "12"}
{"nivel_gas": 98.08, "hora": "14", "minuto": "45", "segundo": "24"}
{"nivel_gas": 97.88, "hora": "14", "minuto": "45", "segundo": "36"}
{"nivel_gas": 97.16, "hora": "14", "minuto": "45", "segundo": "49"}
{"nivel_gas": 96.38, "hora": "14", "minuto": "46", "segundo": "01"}
{"nivel_gas": 95.41, "hora": "14", "minuto": "46", "segundo": "13"}
{"nivel_gas": 95.04, "hora": "14", "minuto": "46", "segundo": "25"}
{"nivel_gas": 94.09, "hora": "14", "minuto": "46", "segundo": "37"}
{"nivel_gas": 93.22, "hora": "14", "minuto": "46", "segundo": "49"}
{"nivel_gas": 93.04, "hora": "14", "minuto": "47", "segundo": "01"}
{"nivel_gas": 92.5, "hora": "14", "minuto": "47", "segundo": "13"}
{"nivel_gas": 92.33, "hora": "14", "minuto": "47", "segundo": "25"}
{"nivel_gas": 91.98, "hora": "14", "minuto": "47", "segundo": "37"}
{"nivel_gas": 91.87, "hora": "14", "minuto": "47", "segundo": "49"}
{"nivel_gas": 91.33, "hora": "14", "minuto": "48", "segundo": "01"}
{"nivel_gas": 90.45, "hora": "14", "minuto": "48", "segundo": "13"}
{"nivel_gas": 89.59, "hora": "14", "minuto": "48", "segundo": "25"}
{"nivel_gas": 88.75, "hora": "14", "minuto": "48", "segundo": "37"}
